,fpr,tpr,aoc
0,0.0,0.0,0.9995999999999999
1,0.0,0.02,0.9995999999999999
2,0.0,0.98,0.9995999999999999
3,0.02,0.98,0.9995999999999999
4,0.02,1.0,0.9995999999999999
5,1.0,1.0,0.9995999999999999
